<?xml version="1.0" encoding="UTF-8"?>
<project-private xmlns="http://www.netbeans.org/ns/project-private/1">
    <editor-bookmarks xmlns="http://www.netbeans.org/ns/editor-bookmarks/2" lastBookmarkId="0"/>
    <open-files xmlns="http://www.netbeans.org/ns/projectui-open-files/2">
        <group>
            <file>file:/D:/Projeler/Programlama%20Dilleri/Java%20Projects/oop/Threadler/src/threadler/Threadler.java</file>
            <file>file:/D:/Projeler/Programlama%20Dilleri/Java%20Projects/oop/Threadler/src/threadler/CharYaz.java</file>
            <file>file:/D:/Projeler/Programlama%20Dilleri/Java%20Projects/oop/Threadler/src/threadler/RakamYaz.java</file>
        </group>
    </open-files>
</project-private>
